{"cameraMode":{"drawMode":0,"name":"Shaded","section":"Shading Mode"},"sceneLighting":true,"audioPlay":false,"sceneViewState":{"showFog":true,"showMaterialUpdate":false,"showSkybox":true,"showFlares":true,"showImageEffects":true,"showParticleSystems":true},"in2DMode":false,"pivot":{"x":5.542794227600098,"y":0.056420326232910159,"z":-1.1820874214172364},"rotation":{"x":0.1502476930618286,"y":0.8371186852455139,"z":-0.28428488969802859,"w":0.442878782749176},"size":11.62601089477539,"orthographic":false}